equipe;C1;C2;C3;J1;J2;J3;Serveur1;Serveur2;Serveur3
911;sadida;sacrieur;ecaflip;Momonette;Kisama-ll;Miakak;Tiliwan;Kelerog;Kelerog
- Micans -;sadida;sacrieur;ecaflip;Moollyh-a;Seense;Cat-furia;Blair;Blair;Blair
- Phoenix -;ecaflip;xelor;iop;Redouane-Faid-b;Exl-c;Next-poi;Kelerog;Kelerog;Kelerog
911cerdos;steamer;enutrof;feca;Prestame-lasnalgas;Je-siissaas;Sarhai;Blair;Blair;Blair
Abstract;sadida;sacrieur;ecaflip;Zuro;Elpozon-Kil;Izi-Pvm;Talok;Talok;Talok
ALTF4;roublard;feca;steamer;Nshaw-a;sir-maestreg;Kobita-La;Blair;Blair;Blair
ANARQUIROK;feca;ecaflip;steamer;Foorty;Ta-Wa;Lanene-asesina-a;Blair;Blair;Blair
Apuestas de Brutas;eniripsa;enutrof;cra;Boomta-Ocres;Randy-lamaravish;Bolion-ca;Blair;Blair;Blair
APUESTAS ILEGALES;eniripsa;enutrof;cra;The-Harinixk;Apuestas-Ilegales;Hotsinhoo;Blair;Blair;Blair
Ask;feca;steamer;ecaflip;Gexx-c;Slayer-Kyojuru;Chebas-michi;Blair;Blair;Blair
Askip;sadida;zobal;enutrof;Shanks-Liberable;Magiiee;Pa-Dok;Kelerog;Kelerog;Kelerog
Aurora Pï¿½rpura;pandawa;feca;steamer;Orilisuzu-b;Kroo-Shield;Ma-Damn;Blair;Blair;Blair
Baisse Les Yeux;sadida;zobal;enutrof;Snow-Ez;Himalayan;Autopsick;Kelerog;Kelerog;Kelerog
Baka ya ro;enutrof;eniripsa;cra;Grr-baaww;Larecru;Weedyu;Kelerog;Kelerog;Kelerog
Bat-naan de Goth-naan;enutrof;eniripsa;cra;Rouchi;Burber;Warp-b;Kelerog;Kelerog;Kelerog
BBL;cra;osamodas;enutrof;Ba-ky-a;Weedskun;Xauusd-a;Kelerog;Kelerog;Kelerog
Blackops;cra;feca;ecaflip;Dgage-noob;Pheca-Che;Malphas;Tiliwan;Tiliwan;Tiliwan
BLK;ecaflip;xelor;cra;Rayyiom;Rolex-l-a;Chat-gepeto;Kelerog;Kelerog;Kelerog
BOZ;zobal;sadida;enutrof;Ber-Gen;Ecaxli;Mervaas;Kelerog;Kelerog;Kelerog
Brasil;ecaflip;sadida;sacrieur;Violation-c;Reed-Bull;Klipin;Blair;Blair;Blair
CARECAMELLO;steamer;pandawa;ecaflip;jupple;nexxus-cas;al-khelaifi-a;Blair;Blair;Blair
Cartas jugadas;ecaflip;steamer;roublard;Arigatita;Dianna-sofii;Zacherio-a;Blair;Blair;Blair
Cest ca ton probleme;sadida;enutrof;zobal;Vuzezionn;Valtoupelle;Raage-poumpoumpidouw;Tiliwan;Tiliwan;Tiliwan
Chamas;cra;eniripsa;enutrof;Fulminante;Chapardage;Obsolescence;Kelerog;Kelerog;Kelerog
CHARGEEEER;pandawa;ecaflip;sacrieur;Beurckina-Faso;El-Nuevee;Malucka-Elmatador;Kelerog;Kelerog;Kelerog
Chasseurs-Bouchers;sacrieur;ecaflip;sadida;Boeuf-dekobe;Ochoeca;Robeft;Kelerog;Kelerog;Kelerog
Chibchacum;osamodas;sram;iop;Catatumbo;Sodon;kapi;Talok;Talok;Talok
chokololo;cra;zobal;iop;Sakriphisse-xv;Bokkoharam;Mokoko;Kelerog;Kelerog;Tiliwan
Cogollos;eniripsa;enutrof;cra;La-bextia;Carebears;Baasa;Blair;Blair;Blair
Crit ou double;ecaflip;feca;steamer;Waraclen;Cremexx;Waraclune;Kelerog;Kelerog;Kelerog
dadadalidada;sacrieur;sadida;cra;Noelle-silvaa-b;Nerf-sadisvp;Krinboja;Kelerog;Kelerog;Kelerog
Dark-society;zobal;ecaflip;sadida;Falkou-a;Unp-c;Shield-Ds;Kelerog;Kelerog;Kelerog
Diabolo;ecaflip;sadida;steamer;El-Chic;Mich-ou;Kwookii;Kelerog;Kelerog;Tiliwan
Distrito;feca;steamer;pandawa;Zehus-b;Skylis-b;Distriito-b;Blair;Blair;Blair
Djaescazer;sadida;ecaflip;zobal;Djaee;Escaanoor;Zerdeezer;Kelerog;Kelerog;Kelerog
Dojo Orukam;sacrieur;sadida;iop;Kefura-c;Tenebbre-a;Freezeer-colere;Kelerog;Kelerog;Kelerog
Dwwe;sacrieur;ecaflip;sram;Agaleps;Debora-Qk;Juancho-sad-a;Blair;Blair;Blair
Eraclette;cra;osamodas;pandawa;Tamper-dus;Nkilo-b;Greaadds;Kelerog;Kelerog;Kelerog
Eradication;sadida;enutrof;sacrieur;Teravogue;Wing-Soul;Tarzi;Kelerog;Kelerog;Kelerog
ERREDE;xelor;iop;roublard;Donaty-e;Tiguere-delacuarenta;Bonvingut;Blair;Blair;Blair
Fallo critico;osamodas;cra;pandawa;Noritoshi-Kamo-a;Mojoon-ll;Uniqua-Backyard;Blair;Blair;Blair
Fc Spec;ecaflip;pandawa;sacrieur;Myga-solini;Maikilead;Nindestructible;Kelerog;Kelerog;Kelerog
FINITO TERMINE;sacrieur;sadida;enutrof;Aeroget;Shiingekie;Vanex-c;Kelerog;Kelerog;Kelerog
Fox-ez;sadida;pandawa;sacrieur;Cala-ez;Qenz-ez;Merlin-ez;Kelerog;Kelerog;Tiliwan
FREE DOUBOULASAL;sadida;enutrof;sacrieur;Arcozz;Saoudieen;Kraatos-s;Kelerog;Kelerog;Kelerog
Frontier;roublard;ecaflip;xelor;Ahsby;Lcb-cristhofergt;Kriegsmaschine;Blair;Blair;Blair
full sabaaaa;roublard;xelor;ecaflip;Moshaz;Xeloppe;Ecafor;Kelerog;Kelerog;Tiliwan
Furia;enutrof;sram;eniripsa;Axter;Mentiel;Mentsu;Talok;Talok;Blair
Fusion;pandawa;ecaflip;sacrieur;Foulleseum;Guss-teroamort;Chapiteau;Kelerog;Kelerog;Kelerog
GEOS;steamer;sadida;ecaflip;Demfloww;Xpectrax-x;Don-op-a;Blair;Blair;Talok
Grupo Niche;steamer;ecaflip;sadida;Asakurita-x;Lexaa-x;Reimono;Blair;Blair;Blair
Guardians;steamer;sadida;ecaflip;Batrox;Maka-veli;Salgoat;Blair;Blair;Blair
HAGRA JDA;zobal;sadida;enutrof;Double-Fayce;Double-Sadidors;Lip-Tondaron;Kelerog;Kelerog;Kelerog
Hagra pas l Time;sadida;enutrof;zobal;Zz-Unohana;Yrale;Mickael-scoshield;Kelerog;Kelerog;Kelerog
Hi Shin;sadida;zobal;enutrof;Heishir;Kyson-Zed;Totto-Riinaa;Kelerog;Kelerog;Kelerog
Hope;eniripsa;enutrof;cra;Slugh;Phaco;Venouus;Tiliwan;Tiliwan;Tiliwan
Hunter Association;cra;steamer;ecaflip;Lovac;Saurith-alfa;Vita-feer;Blair;Blair;Blair
HYDRA;cra;enutrof;osamodas;Virtual-Acro;uraanuus;Osa-msaoul;Kelerog;Kelerog;Kelerog
Irmaos;sadida;enutrof;zobal;bkhazio;Julinkraz-ll;Satam-ll;Blair;Blair;Blair
Karma y darma;feca;ecaflip;steamer;Kakaroto;Davoo;Oxi;Talok;Talok;Talok
Kilu;steamer;sadida;sacrieur;Davara;Pest-icide;Tatie;Tiliwan;Tiliwan;Tiliwan
KINGS;ecaflip;steamer;feca;Vatorn;Ducanetor;Zakarilia;Kelerog;Talok;Kelerog
La mueka;feca;steamer;ecaflip;Luckert-leyenda;Reydelcripy;Ramoncitok;Blair;Blair;Blair
La TN;feca;enutrof;ecaflip;Elreen;Razoriane;Ganjram;Tiliwan;Tiliwan;Tiliwan
La Traque;enutrof;sadida;zobal;Dobou;Toy;Hisoka;Kelerog;Kelerog;Kelerog
La vie c harr;enutrof;zobal;sadida;Jtenudiste;Kitox-l;Scie-gale-a;Kelerog;Kelerog;Kelerog
Las Fajitas;enutrof;feca;steamer;Py-Thagore;Peaustar;Beubarr;Kelerog;Kelerog;Kelerog
Last Minute;steamer;ecaflip;pandawa;Kaynae-c;Paye-tachance-a;East-Pack;Kelerog;Kelerog;Kelerog
Last-apero-captain;ecaflip;xelor;cra;Last-xll;Thereal-captain;Apee-ro;Kelerog;Kelerog;Kelerog
Lateamz;eniripsa;roublard;iop;Bom-soc;Pil-ou-a;Typhon-canium;Kelerog;Kelerog;Kelerog
Lee H WAKE;sadida;sacrieur;ecaflip;Sifarium;Kekraa-c;Akafury;Kelerog;Kelerog;Kelerog
Lepetitemonde;roublard;steamer;sram;Cecs;Di-mondiu;Foxkiler;Talok;Talok;Talok
LES GOAT;steamer;ecaflip;sadida;Kokii-d;Golden-djo;Dem-geooff;Kelerog;Kelerog;Kelerog
Les Lamas;cra;ecaflip;xelor;Crrazizou-a;Hinterino;Luukhette;Kelerog;Kelerog;Kelerog
Les Maitres des Cartes;steamer;ecaflip;feca;Exxodiiax;Schurke-a;Summun-x;Blair;Talok;Blair
Les rocks;sadida;ecaflip;sacrieur;Griven;Blancjack;Time-of;Tiliwan;Kelerog;Kelerog
Les Wavajay du Theowycwaft;iop;steamer;pandawa;Manoste-b;Ikar-pont;Teslourdtusais;Kelerog;Kelerog;Kelerog
LesCraqBul;enutrof;sadida;ecaflip;Papi-bulbi;Teh-l-b;Chor-izo-a;Kelerog;Kelerog;Kelerog
LOS ABYSSWALKERS;steamer;sadida;ecaflip;Kael-Umbrawyn;Sareth-noxveil;Lomecan;Blair;Blair;Blair
Los empalagordas;ecaflip;steamer;feca;Matheo-lozno;Zematsu;Hermes-cosstello;Blair;Blair;Blair
Los panaderos;feca;ecaflip;steamer;Guildartz;boliaguao;Aureliano-buendia;Talok;Talok;Talok
Los pitchounes;sadida;enutrof;zobal;Ryv-aldi;Old-Frizb;Iron-maske;Kelerog;Kelerog;Kelerog
Los Tulaxi;pandawa;steamer;sadida;Wareenn-a;Im-exotico-a;Casteglione;Blair;Blair;Blair
LOS TUMBACATRE;ecaflip;steamer;feca;Seji-cat;Baiikerr;Leyeu;Blair;Blair;Blair
Lurking Fears;ecaflip;enutrof;zobal;Joly-flip;Papi-goom;Danstadiago;Tiliwan;Tiliwan;Tiliwan
MaquinaDelMal;steamer;roublard;ecaflip;Konstanze;Spraggy;Viejita-gata;Talok;Talok;Talok
Mercenaires;feca;ecaflip;steamer;Doze-c;Arob-Az;Harvey-Specter-a;Tiliwan;Tiliwan;Tiliwan
merciletsgo;pandawa;osamodas;cra;Unpanda-random;Pufo-a;Blaisere;Tiliwan;Kelerog;Kelerog
MGH;sacrieur;sadida;cra;Manolo-Gang-a;Sephiirooth;Hunter-Sniper;Kelerog;Kelerog;Kelerog
Mimilones;feca;ecaflip;pandawa;ChrisZG;San-tiagoi-a;Kysaa;Blair;Blair;Blair
Mirmidones 1;feca;ecaflip;steamer;Rikzter;Sdussan;Llunel;Talok;Talok;Talok
Miss Click;ecaflip;xelor;cra;Multi-fiste;Onizukaw-Gto;Labar-Bapapa;Kelerog;Kelerog;Kelerog
MMS;sadida;enutrof;zobal;Kobe-one-a;Tcho-b;fazeh;Tiliwan;Tiliwan;Kelerog
Mocro MS;sadida;pandawa;sacrieur;Sakey-a;Powseidon;Baba-Voss;Tiliwan;Tiliwan;Tiliwan
Mystic;iop;sram;eniripsa;Epaie-a;Lannig;Captn-Qwark;Kelerog;Kelerog;Kelerog
NO HANDS;sadida;ecaflip;sacrieur;Nuela-gz;Flattoosink;Gucci-boom;Blair;Blair;Blair
No skill full skin;xelor;cra;ecaflip;Elfficience;Sharaka;Skaekary;Tiliwan;Tiliwan;Tiliwan
NoNoob NoArnaque;sacrieur;ecaflip;enutrof;Fumaa-Waw;Marchoupachups;Noichi;Tiliwan;Tiliwan;Tiliwan
OG AURA;eniripsa;enutrof;cra;Angela-white;Elenice;Karcher;Talok;Talok;Talok
Oh Damn;ecaflip;sacrieur;sadida;Meakz;Timebombx;Tartelette-Chocolats;Tiliwan;Tiliwan;Tiliwan
Oh petard on est en stream;feca;enutrof;ecaflip;Petit-prince;Astrologie;Ecrevisse;Tiliwan;Tiliwan;Tiliwan
Omerta;ecaflip;sadida;zobal;Calipot-a;Casu-Laid;Vidalossa-b;Kelerog;Kelerog;Kelerog
OMG TALOK;ecaflip;pandawa;feca;Murdo;Zeuz-vic;Diosa-fk;Talok;Talok;Talok
Origachis;sadida;zobal;enutrof;Sentida;Enn-nodachi;Kira-desbois;Kelerog;Kelerog;Kelerog
Pandagressif;ecaflip;sadida;steamer;Jemappelle-Demo;Poppio;Haaku-f;Kelerog;Kelerog;Kelerog
Pantouflards;sadida;zobal;ecaflip;Mary-Pobwins;Google-traduction-b;Lebrr-a;Kelerog;Kelerog;Kelerog
paradise;xelor;roublard;ecaflip;Sanera;Karnivoro;Goltack;Talok;Talok;Talok
payderman;steamer;feca;iop;Terminatoorr;zackwii-a;Jonquera-lagoat;Tiliwan;Kelerog;Tiliwan
Percoz;sadida;zobal;enutrof;Jamon-Iberico;Niro-Nizuka;Valere-Giroud;Kelerog;Kelerog;Kelerog
Pocket Coffee;ecaflip;sadida;sacrieur;Scofield-b;Oo-Fawkz;Gus-fring;Tiliwan;Tiliwan;Tiliwan
Prestigiosos;ecaflip;xelor;roublard;El-cucho-d;Miguel-time;Ardonita;Blair;Blair;Blair
Prime;eniripsa;cra;enutrof;Mugre-forever;Ojitoconfabiola;Trabadito;Touch tournament;Touch tournament;Touch tournament
protoStorm;zobal;ecaflip;sadida;Drak-Kill;harrie;Sr-joohn;Blair;Blair;Blair
R et H;cra;enutrof;eniripsa;Boarff-a;Latraque-tricheur;Paola-locatelli;Kelerog;Kelerog;Kelerog
Rebeux deter;sacrieur;sadida;ecaflip;Tunsi;Sadodo-a;Level-pvp;Tiliwan;Tiliwan;Tiliwan
Redbull;pandawa;sacrieur;ecaflip;Sous-kgf;Feunouillette;Aruka-l;Touch tournament;Touch tournament;Touch tournament
Redwood Original;cra;eniripsa;enutrof;Le-Jag;Injus-b;Chawsakai;Kelerog;Kelerog;Kelerog
Remember Team;ecaflip;feca;steamer;Remember-metouch;Maajiin-boo;Hopx-c;Blair;Blair;Blair
Respect et Honneur;zobal;enutrof;sadida;Liberty-Walk;Kamikaz;Zivonsnoob;Kelerog;Kelerog;Kelerog
RR90;eniripsa;cra;enutrof;Blooangel;Shelby;Chellic;Kelerog;Tiliwan;Tiliwan
Rubigane;pandawa;sacrieur;ecaflip;Papierqul;Karthane;Uzi-Lv;Kelerog;Kelerog;Kelerog
S I N A L O A;cra;enutrof;eniripsa;Everinarva;Life-Nsunset;Cooker-Cbd;Kelerog;Kelerog;Kelerog
Sac a foin;ecaflip;steamer;feca;Dragon-op;Sebsoum;Kenxr;Kelerog;Kelerog;Kelerog
Sanction;zobal;sadida;enutrof;Tekashee-Jogabonito;Xelo-Riche;Espperenzaa;Kelerog;Kelerog;Kelerog
Seagull Corp;pandawa;steamer;ecaflip;Loukystar;Geus-fring;Pleidge-Percep;Kelerog;Kelerog;Kelerog
Shuclier;cra;eniripsa;enutrof;Hondax;Peggi;Matriochka;Tiliwan;Tiliwan;Tiliwan
Sinagang;sadida;enutrof;zobal;Donebeuldor;Yujiiro-Hanma-d;Makarov-Xox;Kelerog;Kelerog;Kelerog
Solo leveling;steamer;ecaflip;feca;Oscares-a;Tiendasdeuno-b;Apokito;Blair;Blair;Blair
Sombra de Brakmar;steamer;sadida;ecaflip;Ciryl-b;Maluuma;Zirk-rock;Blair;Blair;Blair
Sous trefle;enutrof;zobal;sadida;Ro-fujin;Puleux-a;Kendou;Kelerog;Kelerog;Kelerog
SPARTA;steamer;sadida;ecaflip;Skayrixx;The-Almighty-b;lmhayab;Blair;Blair;Blair
Spirit box;sadida;sacrieur;ecaflip;Plaga;Muha-meds;Nowyoudont-a;Blair;Blair;Blair
STL;pandawa;ecaflip;steamer;Bijuu-Jda;Thornn;Jda;Tiliwan;Tiliwan;Tiliwan
Sunset Chilling;pandawa;ecaflip;feca;Fantagarro;Ryo-Taz;Bloobifle;Kelerog;Kelerog;Kelerog
TEAM CANNIBAL;feca;ecaflip;steamer;za-ikopath;Zo-kingky;Canniibal-ll;Blair;Blair;Blair
Team Demiurge;enutrof;sadida;ecaflip;Financial-Times-a;Overlord-Shalltear-a;Obito-l-d;Kelerog;Kelerog;Kelerog
Team till;feca;steamer;roublard;Rasta-protect;Swec;Nagga-Zakki;Tiliwan;Tiliwan;Tiliwan
team7;eniripsa;enutrof;sram;Nero-secre;Einston;adaammoo;Kelerog;Tiliwan;Kelerog
TeamRS;sadida;enutrof;zobal;Big-big;Vegeta-Rl;Madao-Son;Kelerog;Kelerog;Kelerog
TEMET-NOSCE;ecaflip;sadida;zobal;Temet-touch;Wifiji;Thione-b;Blair;Blair;Blair
The Crusade;steamer;iop;ecaflip;Basil;Tamer;Wilfang;Touch tournament;Touch tournament;Touch tournament
The Hood Reapers;osamodas;enutrof;cra;Panyro;Darkk-sos;Belhaj-nsa;Kelerog;Kelerog;Kelerog
The Infernal Word;cra;pandawa;osamodas;Metocami;Tinieblas-j;klim-x-c;Blair;Blair;Blair
The unknow;cra;eniripsa;enutrof;Whismiixx;Bresomm;Bahgeera-bds;Kelerog;Tiliwan;Tiliwan
Trio Ojama;enutrof;sadida;zobal;Hironaga-a;Yellowzs;Lesdeuxyeux;Kelerog;Kelerog;Kelerog
TVA;ecaflip;sacrieur;enutrof;Jte-froisseeuuhh;Cancerogene;Labbe-noire;Tiliwan;Tiliwan;Tiliwan
Un Mhaxx de loose;pandawa;steamer;feca;Embuscadissou;Askkeladd-b;Pskovska;Kelerog;Kelerog;Kelerog
Untouchables;sadida;enutrof;ecaflip;Magrosse-branche;Jaeger-bombe;Cava-peterr;Touch tournament;Touch tournament;Touch tournament
Vinsmoke;enutrof;sacrieur;sadida;Vinceelt;Youss-lecocbloque;Caladrie-shlag;Kelerog;Kelerog;Kelerog
Violencia Honored;sadida;zobal;enutrof;Azezlan;Lohanah;Djonkez;Kelerog;Kelerog;Kelerog
WAL;cra;xelor;ecaflip;Horres-Benne;yuugito;Hayakawa;Kelerog;Kelerog;Kelerog
WEK;enutrof;sadida;zobal;Wamimi;sekrane;kata-I;Tiliwan;Tiliwan;Tiliwan
WENZHOU;ecaflip;pandawa;sacrieur;Bijilino;Pascal-Obispo;Toys;Tiliwan;Tiliwan;Tiliwan
Wu-Tang Clan;iop;enutrof;eniripsa;Rangiku-a;Dima-kietas;Sephy;Talok;Talok;Talok
